INSERT INTO tech_options (tech_name)
VALUES
('Go'),
('PHP'),
('Laravel'),
('React');

INSERT INTO brands (brand_name)
VALUES
('Acura'),('Adamo'),('Agrale'),('Alfa Romeo'),('Americar'),('Asia'),
('Aston Martin'),('Audi'),('Austin-Healey'),('Avallone'),('Beach'),
('Bentley'),('Bianco'),('BMW'),('BRM'),('Bugre'),('Bugway'),('Buick'),
('BYD'),('Cadillac'),('Caoa Chery'),('CBT'),('Chamonix'),('Cheda'),
('Chevrolet'),('Chrysler'),('Citroën'),('Daewoo'),('Daihatsu'),
('De Soto'),('DKW-Vemag'),('Dodge'),('Edsel'),('Effa'),('Emis'),
('Engesa'),('Envemo'),('Farus'),('Fercar Buggy'),('Ferrari'),('Fiat'),
('Ford'),('Fyber'),('Geely'),('GMC'),('Gurgel'),('GWM'),('Hafei'),
('Honda'),('Hudson'),('Hummer'),('Hyundai'),('Infiniti'),('IVECO'),
('JAC'),('Jaguar'),('Jeep'),('Jinbei'),('Kia'),('Lada'),('Lamborghini'),
('Land Rover'),('Lexus'),('Lifan'),('Lincoln'),('Lotus'),('Mahindra'),
('Marcopolo'),('Maserati'),('Mazda'),('Mclaren'),('Menon'),('Mercedes-Benz'),
('Mercury'),('MG'),('Mini'),('Mitsubishi'),('Miura'),('Mobby'),('Morris'),
('MP Lafer'),('Neta'),('Nissan'),('Opel'),('PAG'),('Peugeot'),('Plymouth'),
('Pontiac'),('Porsche'),('Puma'),('RAM'),('Renault'),('Rivian'),('Rolls-Royce'),
('Saturn'),('Seat'),('Seres'),('Shrlby'),('Smart'),('Ssangyong'),('Studebaker'),
('Subaru'),('Sunbeam'),('Suzuki'),('TAC'),('Tesla'),('Toyota'),('Triumph'),
('Troller'),('Volkswagen'),('Volvo'),('Wake'),('Willys'),('Willys Overland');

INSERT INTO dg_brands (brand_name)
VALUES
('Alfa Romeo'),
('Aston Martin'),
('Audi'),
('BMW'),
('Bugatti'),
('Dodge'),
('Ferrari'),
('Jaguar'),
('Lamborghini'),
('Land Rover'),
('Lexus'),
('Maserati'),
('Mclaren'),
('Mercedes-Benz'),
('Mini'),
('Porsche'),
('Rolls-Royce'),
('Volkswagen');

INSERT INTO models (brand_name, model_name)
VALUES
('Alfa Romeo', 'Tonale'),
('Alfa Romeo', 'Stelvio'),
('Alfa Romeo', 'Giulia'),
('Alfa Romeo', 'Stradale');

INSERT INTO models (brand_name, model_name)
VALUES
('Aston Martin', 'Vantage'),
('Aston Martin', 'DB12'),
('Aston Martin', 'Vanquish'),
('Aston Martin', 'DBX'),
('Aston Martin', 'Valhalla'),
('Aston Martin', 'Valkyrie'),
('Aston Martin', 'Valour'),
('Aston Martin', 'Valiant');

INSERT INTO models (brand_name, model_name)
VALUES
('Audi', 'A1'),
('Audi', 'A3'),
('Audi', 'A4'),
('Audi', 'A5'),
('Audi', 'A6'),
('Audi', 'A7'),
('Audi', 'A8'),
('Audi', 'Q2'),
('Audi', 'Q3'),
('Audi', 'Q4 e-etron'),
('Audi', 'Q5'),
('Audi', 'Q7'),
('Audi', 'Q8'),
('Audi', 'R8'),
('Audi', 'TT'),
('Audi', 'e-tron GT');

INSERT INTO models (brand_name, model_name)
VALUES
('BMW', '530e M Sport'),
('BMW', 'Concept XM'),
('BMW', 'i VISION DEE'),
('BMW', 'i Vision Circular'),
('BMW', 'i4'),
('BMW', 'i5 M60'),
('BMW', 'i7'),
('BMW', 'iX'),
('BMW', 'iX M60'),
('BMW', 'iX1'),
('BMW', 'iX2'),
('BMW', 'iX3'),
('BMW', 'iX5 Hydrogen'),
('BMW', 'M2 Coupé'),
('BMW', 'M3 Competition'),
('BMW', 'M4 CS'),
('BMW', 'Série 2 Gran Coupé'),
('BMW', 'Série 3 Sedã'),
('BMW', 'Série 4 Cabrio'),
('BMW', 'Vision Neue Klasse'),
('BMW', 'X1'),
('BMW', 'X2'),
('BMW', 'X3'),
('BMW', 'X4'),
('BMW', 'X5'),
('BMW', 'X6'),
('BMW', 'X6 M Competition'),
('BMW', 'X7 M60i');
