INSERT INTO tech_options (tech_name)
VALUES
('Go'),
('PHP'),
('Laravel'),
('React');

INSERT INTO brands (brand_name)
VALUES
('Acura'),('Adamo'),('Agrale'),('Alfa Romeo'),('Americar'),('Asia'),
('Aston Martin'),('Audi'),('Austin-Healey'),('Avallone'),('Beach'),
('Bentley'),('Bianco'),('BMW'),('BRM'),('Bugre'),('Bugway'),('Buick'),
('BYD'),('Cadillac'),('Caoa Chery'),('CBT'),('Chamonix'),('Cheda'),
('Chevrolet'),('Chrysler'),('Citroën'),('Daewoo'),('Daihatsu'),
('De Soto'),('DKW-Vemag'),('Dodge'),('Edsel'),('Effa'),('Emis'),
('Engesa'),('Envemo'),('Farus'),('Fercar Buggy'),('Ferrari'),('Fiat'),
('Ford'),('Fyber'),('Geely'),('GMC'),('Gurgel'),('GWM'),('Hafei'),
('Honda'),('Hudson'),('Hummer'),('Hyundai'),('Infiniti'),('IVECO'),
('JAC'),('Jaguar'),('Jeep'),('Jinbei'),('Kia'),('Lada'),('Lamborghini'),
('Land Rover'),('Lexus'),('Lifan'),('Lincoln'),('Lotus'),('Mahindra'),
('Marcopolo'),('Maserati'),('Mazda'),('Mclaren'),('Menon'),('Mercedes-Benz'),
('Mercury'),('MG'),('Mini'),('Mitsubishi'),('Miura'),('Mobby'),('Morris'),
('MP Lafer'),('Neta'),('Nissan'),('Opel'),('PAG'),('Peugeot'),('Plymouth'),
('Pontiac'),('Porsche'),('Puma'),('RAM'),('Renault'),('Rivian'),('Rolls-Royce'),
('Saturn'),('Seat'),('Seres'),('Shrlby'),('Smart'),('Ssangyong'),('Studebaker'),
('Subaru'),('Sunbeam'),('Suzuki'),('TAC'),('Tesla'),('Toyota'),('Triumph'),
('Troller'),('Volkswagen'),('Volvo'),('Wake'),('Willys'),('Willys Overland');

INSERT INTO dg_brands (brand_name, site)
VALUES
('Alfa Romeo', 'https://www.alfaromeo.com/'),
('Aston Martin', 'https://www.astonmartin.com/en/models'),
('Audi', 'https://www.audi-mediacenter.com/en/models-4'),
('BMW', 'https://www.bmw.com.br/pt/all-models.html'),
('Bugatti', 'https://www.bugatti.com/the-bugatti-models/introduction/'),
('Dodge', 'https://www.dodge.com/'),
('Ferrari', 'https://www.dodge.com/'),
('Jaguar', 'https://www.jaguarbrasil.com.br/index.html'),
('Lamborghini', 'https://www.lamborghini.com/en-en/models'),
('Land Rover', 'https://www.landrover.com.br/range-rover/index.html'),
('Lexus', ''),
('Maserati', ''),
('Mclaren', ''),
('Mercedes-Benz', ''),
('Mini', ''),
('Porsche', ''),
('Rolls-Royce', ''),
('Volkswagen');

INSERT INTO models (brand_name, model_name)
VALUES
('Alfa Romeo', 'Tonale'),
('Alfa Romeo', 'Stelvio'),
('Alfa Romeo', 'Stelvio Quadrifoglio'),
('Alfa Romeo', 'Giulia'),
('Alfa Romeo', 'Giulia Quadrifoglio'),
('Alfa Romeo', 'Junior Elettrica'),
('Alfa Romeo', 'Junior Ibrida'),
('Alfa Romeo', '33 Stradale');

INSERT INTO models (brand_name, model_name)
VALUES
('Aston Martin', 'Vantage'),
('Aston Martin', 'DB12'),
('Aston Martin', 'Vanquish'),
('Aston Martin', 'DBX'),
('Aston Martin', 'Valhalla'),
('Aston Martin', 'Valkyrie'),
('Aston Martin', 'Valour'),
('Aston Martin', 'Valiant');

INSERT INTO models (brand_name, model_name)
VALUES
('Audi', 'A1'),
('Audi', 'A3'),
('Audi', 'A4'),
('Audi', 'A5'),
('Audi', 'A6'),
('Audi', 'A7'),
('Audi', 'A8'),
('Audi', 'Q2'),
('Audi', 'Q3'),
('Audi', 'Q4 e-etron'),
('Audi', 'Q5'),
('Audi', 'Q7'),
('Audi', 'Q8'),
('Audi', 'R8'),
('Audi', 'TT'),
('Audi', 'e-tron GT');

INSERT INTO models (brand_name, model_name)
VALUES
('BMW', '530e M Sport'),
('BMW', 'Concept XM'),
('BMW', 'i VISION DEE'),
('BMW', 'i Vision Circular'),
('BMW', 'i4'),
('BMW', 'i5 M60'),
('BMW', 'i7'),
('BMW', 'iX'),
('BMW', 'iX M60'),
('BMW', 'iX1'),
('BMW', 'iX2'),
('BMW', 'iX3'),
('BMW', 'iX5 Hydrogen'),
('BMW', 'M2 Coupé'),
('BMW', 'M3 Competition'),
('BMW', 'M4 CS'),
('BMW', 'Série 2 Gran Coupé'),
('BMW', 'Série 3 Sedã'),
('BMW', 'Série 4 Cabrio'),
('BMW', 'Vision Neue Klasse'),
('BMW', 'X1'),
('BMW', 'X2'),
('BMW', 'X3'),
('BMW', 'X4'),
('BMW', 'X5'),
('BMW', 'X6'),
('BMW', 'X6 M Competition'),
('BMW', 'X7 M60i');

INSERT INTO models (brand_name, model_name)
VALUES
('Bugatti', 'Tourbillon'),
('Bugatti', 'W16 Mistral'),
('Bugatti', 'Chiron'),
('Bugatti', 'Coachbuilding'),
('Bugatti', 'Bolide');

INSERT INTO models (brand_name, model_name)
VALUES
('Dodge', 'Hornet'),
('Dodge', 'Charger'),
('Dodge', 'Challenger'),
('Dodge', 'Durango');

INSERT INTO models (brand_name, model_name)
VALUES
('Ferrari', 'SF90 Stradale'),
('Ferrari', 'SF90 Spider'),
('Ferrari', '296 GTB'),
('Ferrari', '296 GTS'),
('Ferrari', '12 Cilindri'),
('Ferrari', '12 Cilindri Spider'),
('Ferrari', 'Purosangue'),
('Ferrari', 'Roma'),
('Ferrari', 'Roma Spider'),
('Ferrari', 'SF90 XX Stradale'),
('Ferrari', 'SF90 XX Spider'),
('Ferrari', '812 Competizione'),
('Ferrari', '812 Competizione A'),
('Ferrari', 'Daytona SP3'),
('Ferrari', 'Monza SP1'),
('Ferrari', 'Monza SP2'),
('Ferrari', 'LaFerrari'),
('Ferrari', 'LaFerrari Aperta'),
('Ferrari', 'Enzo Ferrari'),
('Ferrari', 'F50'),
('Ferrari', 'F40'),
('Ferrari', 'GTO'),
('Ferrari', '296 GT3');

INSERT INTO models (brand_name, model_name)
VALUES
('Jaguar', 'F-Pace'),
('Jaguar', 'E-Pace'),
('Jaguar', 'I-Pace'),
('Jaguar', 'F-Type');

INSERT INTO models (brand_name, model_name)
VALUES
('Lamborghini', 'Temerario'),
('Lamborghini', 'Revuelto'),
('Lamborghini', 'Urus'),
('Lamborghini', 'Huracan'),
('Lamborghini', 'Countach LPI'),
('Lamborghini', 'Sián FKP 37'),
('Lamborghini', 'Sián Roadster'),
('Lamborghini', 'Terzo Millenio'),
('Lamborghini', 'Asterion'),
('Lamborghini', 'Estoque');

INSERT INTO models (brand_name, model_name)
VALUES
('Land Rover', 'Range Rover'),
('Land Rover', 'Range Rover Sport'),
('Land Rover', 'Range Rover Velar'),
('Land Rover', 'Range Rover Evoque');

INSERT INTO versions (brand_name, model_name, version_name)
VALUES
('Alfa Romeo', 'Tonale', 'Sprint'),
('Alfa Romeo', 'Tonale', 'Veloce'),
('Alfa Romeo', 'Tonale', 'Tributo Italiano'),
('Alfa Romeo', 'Stelvio', 'Sprint'),
('Alfa Romeo', 'Stelvio', 'Veloce'),
('Alfa Romeo', 'Stelvio', 'Tributo Italiano'),
('Alfa Romeo', 'Giulia', 'Sprint'),
('Alfa Romeo', 'Giulia', 'Veloce'),
('Alfa Romeo', 'Giulia', 'Tributo Italiano'),
('Alfa Romeo', 'Stelvio Quadrifoglio', ''),
('Alfa Romeo', 'Stelvio Quadrifoglio', 'Super Sport'),
('Alfa Romeo', 'Giulia Quadrifoglio', ''),
('Alfa Romeo', 'Giulia Quadrifoglio', 'Super Sport'),
('Alfa Romeo', 'Junior Elettrica', ''),
('Alfa Romeo', 'Junior Elettrica', 'Speciale'),
('Alfa Romeo', 'Junior Elettrica', '280 Veloce'),
('Alfa Romeo', '33 Stradale', '');

INSERT INTO versions (brand_name, model_name, version_name)
VALUES
('Aston Martin', 'Vantage', 'Coupe'),
('Aston Martin', 'DB12', ''),
('Aston Martin', 'DB12', 'Volante'),
('Aston Martin', 'Vanquish', ''),
('Aston Martin', 'DBX', '707'),
('Aston Martin', 'DBX', '707 AMR24 Edition'),
('Aston Martin', 'Valhalla', ''),
('Aston Martin', 'Valkyrie', 'Coupe'),
('Aston Martin', 'Valkyrie', 'Spider'),
('Aston Martin', 'Valkyrie', 'AMR Pro'),
('Aston Martin', 'Valour', ''),
('Aston Martin', 'Valiant', '');
